{"cameraMode":{"drawMode":0,"name":"Shaded","section":"Shading Mode"},"sceneLighting":true,"audioPlay":false,"sceneViewState":{"showFog":true,"showMaterialUpdate":false,"showSkybox":true,"showFlares":true,"showImageEffects":true,"showParticleSystems":true},"in2DMode":false,"pivot":{"x":3.483381986618042,"y":5.586720943450928,"z":2.4881339073181154},"rotation":{"x":-0.2934924066066742,"y":0.19494815170764924,"z":-0.061264634132385257,"w":-0.933871865272522},"size":3.5009043216705324,"orthographic":false}