{"cameraMode":{"drawMode":0,"name":"Shaded","section":"Shading Mode"},"sceneLighting":true,"audioPlay":false,"sceneViewState":{"showFog":false,"showMaterialUpdate":false,"showSkybox":false,"showFlares":false,"showImageEffects":false,"showParticleSystems":false},"in2DMode":false,"pivot":{"x":-1.040305495262146,"y":-0.46967461705207827,"z":-0.6358693838119507},"rotation":{"x":-0.07347342371940613,"y":0.9088327884674072,"z":-0.18121306598186494,"w":-0.36848974227905276},"size":1.2247449159622193,"orthographic":false}