{"cameraMode":{"drawMode":0,"name":"Shaded","section":"Shading Mode"},"sceneLighting":true,"audioPlay":false,"sceneViewState":{"showFog":true,"showMaterialUpdate":false,"showSkybox":true,"showFlares":true,"showImageEffects":true,"showParticleSystems":true},"in2DMode":false,"pivot":{"x":-2.6118268966674806,"y":3.007228374481201,"z":1.1882972717285157},"rotation":{"x":-0.06624499708414078,"y":0.8847408294677734,"z":-0.1326386034488678,"w":-0.44187456369400027},"size":10.0,"orthographic":false}